<?xml version="1.0" encoding="UTF-8"?>
<project-private xmlns="http://www.netbeans.org/ns/project-private/1">
    <editor-bookmarks xmlns="http://www.netbeans.org/ns/editor-bookmarks/2" lastBookmarkId="0"/>
    <open-files xmlns="http://www.netbeans.org/ns/projectui-open-files/2">
        <group>
            <file>jar:file:/C:/Users/user/Downloads/Telegram%20Desktop/Ludo/dist/Ludo.jar!/yellow.dat</file>
            <file>file:/C:/Users/user/Downloads/Telegram%20Desktop/Ludo/src/ludo/SignUp.java</file>
            <file>file:/C:/Users/user/Downloads/Telegram%20Desktop/Ludo/src/ludo/FadingEffect.java</file>
            <file>file:/C:/Users/user/Downloads/Telegram%20Desktop/Ludo/src/ludo/Client.java</file>
            <file>file:/C:/Users/user/Downloads/Telegram%20Desktop/Ludo/src/ludo/LAN.java</file>
            <file>file:/C:/Users/user/Downloads/Telegram%20Desktop/Ludo/src/ludo/ClientTest.java</file>
            <file>file:/C:/Users/user/Downloads/Telegram%20Desktop/Ludo/src/ludo/GameOverStandalone.java</file>
            <file>file:/C:/Users/user/Downloads/Telegram%20Desktop/Ludo/src/ludo/Dice.java</file>
            <file>file:/C:/Users/user/Downloads/Telegram%20Desktop/Ludo/src/ludo/Sockets.java</file>
            <file>file:/C:/Users/user/Downloads/Telegram%20Desktop/Ludo/build/classes/yellow.dat</file>
            <file>file:/C:/Users/user/Downloads/Telegram%20Desktop/Ludo/src/ludo/Login.java</file>
            <file>file:/C:/Users/user/Downloads/Telegram%20Desktop/Ludo/build/classes/green.dat</file>
            <file>file:/C:/Users/user/Downloads/Telegram%20Desktop/Ludo/extra.dat</file>
            <file>file:/C:/Users/user/Downloads/Telegram%20Desktop/Ludo/src/ludo/ServerTest.java</file>
            <file>file:/C:/Users/user/Downloads/Telegram%20Desktop/Ludo/green.dat</file>
            <file>file:/C:/Users/user/Downloads/Telegram%20Desktop/Ludo/src/ludo/connect.java</file>
            <file>file:/C:/Users/user/Downloads/Telegram%20Desktop/Ludo/src/ludo/StandaloneMenu.java</file>
            <file>file:/C:/Users/user/Downloads/Telegram%20Desktop/Ludo/src/ludo/Test.java</file>
            <file>file:/C:/Users/user/Downloads/Telegram%20Desktop/Ludo/src/ludo/Server.java</file>
        </group>
    </open-files>
</project-private>
